alias,canonical,note
OR,Odisha,Official abbreviation
OD,Odisha,Alternative abbreviation
Orissa,Odisha,Former name (pre-2011)
UK,Uttarakhand,Official abbreviation
UA,Uttarakhand,Alternative
Uttaranchal,Uttarakhand,Former name (pre-2007)
Bombay,Maharashtra,Historical name of Mumbai
Madras,Tamil Nadu,Historical name of Chennai
Calcutta,West Bengal,Historical name of Kolkata
Pondicherry,Puducherry,Former name (pre-2006)
J&K,Jammu & Kashmir,Common abbreviation
JK,Jammu & Kashmir,Alternative abbreviation
